<application>
  <component name="MaterialThemeConfig">
    <option name="isContrastMode" value="true" />
    <option name="isWizardShown" value="true" />
    <option name="pristineConfig" value="false" />
    <option name="treeFontSizeEnabled" value="true" />
    <option name="tabFontSizeEnabled" value="true" />
    <option name="useMaterialFont2" value="true" />
    <option name="useShadows" value="true" />
    <option name="indicatorStyle" value="None" />
    <option name="rightTreeIndent" value="6" />
    <option name="settingsSelectedTab" value="6" />
    <option name="accentColor" value="ff79c5" />
    <option name="secondAccentColor" />
    <option name="highlightColor" />
    <option name="focusColor" />
    <option name="selectedTheme" value="DRACULA" />
    <option name="userId" value="-5c1a9889:1717a21eb10:-8000" />
    <option name="version" value="8.13.2" />
    <option name="uiFont" value="Fira Code" />
    <option name="tabHighlightPosition" value="Bottom" />
  </component>
</application>