<keymap version="1" name="macOS copy" parent="Mac OS X 10.5+">
  <action id="AutoIndentLines" />
  <action id="Back">
    <keyboard-shortcut first-keystroke="meta alt left" />
    <mouse-shortcut keystroke="button4" />
  </action>
  <action id="CodeCompletion">
    <keyboard-shortcut first-keystroke="meta period" />
  </action>
  <action id="CollapseBlock" />
  <action id="CollapseSelection" />
  <action id="CopyContentRootPath">
    <mouse-shortcut keystroke="shift alt button3" />
  </action>
  <action id="Debug">
    <keyboard-shortcut first-keystroke="alt d" />
  </action>
  <action id="EditorBackwardParagraph">
    <keyboard-shortcut first-keystroke="meta open_bracket" />
  </action>
  <action id="EditorForwardParagraph">
    <keyboard-shortcut first-keystroke="meta close_bracket" />
  </action>
  <action id="ExternalSystem.ProjectRefreshAction" />
  <action id="Forward">
    <keyboard-shortcut first-keystroke="meta alt right" />
    <mouse-shortcut keystroke="button5" />
  </action>
  <action id="Git.CompareWithBranch">
    <mouse-shortcut keystroke="control button5" />
  </action>
  <action id="MethodDown">
    <keyboard-shortcut first-keystroke="alt open_bracket" />
  </action>
  <action id="MethodUp">
    <keyboard-shortcut first-keystroke="alt close_bracket" />
  </action>
  <action id="NextProjectWindow">
    <keyboard-shortcut first-keystroke="meta alt back_quote" />
    <keyboard-shortcut first-keystroke="ctrl alt back_quote" />
  </action>
  <action id="OptimizeImports">
    <keyboard-shortcut first-keystroke="shift meta i" />
    <keyboard-shortcut first-keystroke="ctrl alt i" />
    <mouse-shortcut keystroke="control button1" />
  </action>
  <action id="Run">
    <keyboard-shortcut first-keystroke="alt r" />
  </action>
  <action id="SmartTypeCompletion">
    <keyboard-shortcut first-keystroke="shift meta period" />
  </action>
  <action id="Tool_External Tools_isort">
    <keyboard-shortcut first-keystroke="ctrl alt o" />
  </action>
</keymap>